{
 "Br": [
  0.09348425098317041, 
  0.3205681875305607, 
  0.340377416997686, 
  0.3890781387914309, 
  0.7881993072022244
 ], 
 "C": [
  0.6864137255042991, 
  0.23913963925648268, 
  0.2806250023832228, 
  0.49156535785483907, 
  0.38892356237446984
 ], 
 "Cl": [
  0.008552554958955684, 
  0.3543261070055609, 
  0.29864962667760586, 
  0.5980586577695676, 
  0.653845628608273
 ], 
 "F": [
  0.0013205692335577438, 
  0.8097775746127415, 
  0.11331580740319602, 
  0.5737735065139242, 
  0.04692575802779113
 ], 
 "H": [
  0.6815593412493052, 
  0.6895674027605911, 
  0.11364798315372024, 
  0.14827890719590847, 
  0.1583387602948339
 ], 
 "I": [
  0.24695973609699054, 
  0.38474546161005563, 
  0.36877521664705776, 
  0.07720635023335151, 
  0.8056213984173525
 ], 
 "N": [
  0.3409836923239584, 
  0.24131585203106246, 
  0.1376578335632619, 
  0.7524773346169139, 
  0.49022950020795025
 ], 
 "O": [
  0.11097084278187257, 
  0.47028525595198595, 
  0.09094885546977399, 
  0.8314559871069255, 
  0.25870156025668334
 ], 
 "P": [
  0.3494351449708609, 
  0.13461300078699545, 
  0.9257830180488841, 
  0.047124511477814796, 
  0.021897565814274284
 ], 
 "S": [
  0.393176160809111, 
  0.19933231273002044, 
  0.7463133313499337, 
  0.23991413442258167, 
  0.43719189748523096
 ], 
 "channels": [
  "D0", 
  "D1", 
  "D2", 
  "D3", 
  "D4"
 ]
}